id,name,email,password
,Weston Ratke,mac94@moen.com,secret
2,Dr. Alberto Boyle I,clark32@yahoo.com,secret
3,Candelario Kassulke,roselyn62@gmail.com,secret
4,Abner Mueller,kabbott@yahoo.com,secret
5,Mrs. Odie Miller Jr.,boyer.kallie@hotmail.com,secret
6,Prof. Santa Reichert,aparker@dicki.net,secret
7,Julio Will,brooklyn.stracke@yahoo.com,secret
8,Mr. Vinnie Ziemann,antonietta.witting@conroy.net,secret
9,Alexa Ledner,pasquale.cruickshank@yahoo.com,secret
10,Mrs. Janet Rolfson Sr.,wrice@yahoo.com,secret
11,Mrs. Meghan Mueller,ozella26@waelchi.com,secret
12,Dr. August Auer V,reggie.gerhold@schiller.com,secret
13,Dr. Lelia Hansen II,gudrun.gerhold@yahoo.com,secret
14,Ila Collins,imogene.steuber@yahoo.com,secret
15,Ms. Ashtyn Fritsch Sr.,derrick35@gmail.com,secret
16,Ford Kovacek III,luis.rohan@ondricka.com,secret
17,Miss Kenyatta Legros IV,skylar15@hotmail.com,secret
18,Eleanora DuBuque,kautzer.alexis@gorczany.com,secret
19,Avery Boyle,bheidenreich@brakus.com,secret
20,Carlo Lueilwitz,zackary.parker@turner.biz,secret
21,Mr. Marcus Schneider,llewellyn13@torphy.org,secret
22,Janae Hoppe,grimes.claudia@dietrich.biz,secret
23,Lucy Labadie,nasir.strosin@kub.com,secret
24,Bill Beier,dkeeling@gmail.com,secret
25,Prof. Brandy Ritchie,predovic.lonie@hotmail.com,secret
26,Ms. Tiffany Kuhlman MD,cormier.georgianna@hotmail.com,secret
27,Dr. Anna Stokes Jr.,wleuschke@gmail.com,secret
28,Araceli Lind,fahey.dana@krajcik.com,secret
29,Prof. Damien Runolfsdottir DDS,roman67@yahoo.com,secret
30,Mafalda Von,alfredo.lindgren@windler.com,secret
31,Dr. Albert Bruen Sr.,adolphus19@stanton.biz,secret
32,Prof. Favian Runolfsson DVM,cedrick.becker@marks.org,secret
33,Gino Ledner,purdy.gaylord@adams.com,secret
34,Miss Britney Walker,lorna65@kuhic.com,secret
35,Gerardo Toy,aufderhar.kasandra@hotmail.com,secret
36,Mrs. Leonora Prosacco,sallie.orn@hotmail.com,secret
37,Alysson Herzog PhD,chelsey.kiehn@gislason.com,secret
38,Dr. Wilfred Leuschke,gdietrich@ledner.com,secret
39,Carleton Friesen,rhoda86@gmail.com,secret
40,Jordy Lehner,joana.botsford@hotmail.com,secret
41,Carole Price,hans.dibbert@yahoo.com,secret
42,Ms. Albina Zulauf III,bertram95@bernhard.org,secret
43,Dr. Leilani Hudson III,kuhic.claudine@yost.com,secret
44,Andre Hessel,ellsworth.kovacek@weber.biz,secret
45,Alexandrea Farrell,ebert.dortha@hotmail.com,secret
46,Maurine Bartell,okeefe.joy@gmail.com,secret
47,Laney Cummerata,jacinthe.gleason@herman.com,secret
48,Jamarcus Weissnat,marion30@rodriguez.com,secret
49,Chadd Grady,dell88@jones.com,secret
50,Ambrose Kunze,kgutkowski@hotmail.com,secret
51,Parker Goldner,turner.rosie@berge.com,secret
52,Jerad Murray I,farrell.gaylord@yahoo.com,secret
53,Mrs. Ethelyn Terry Jr.,theresia92@hotmail.com,secret
54,August Kemmer,molly.walker@streich.com,secret
55,Manuel Lakin,destini90@bergnaum.info,secret
56,Iva Botsford,ljerde@gmail.com,secret
57,Aryanna Stracke,jschaefer@hotmail.com,secret
58,Bartholome Mann,jevon.kessler@hotmail.com,secret
59,Autumn Breitenberg,blanche.rosenbaum@jacobs.com,secret
60,Kevon Metz,runte.sabrina@bednar.net,secret
61,Rosario Breitenberg,rashawn64@carroll.org,secret
62,Betsy Bartoletti,juvenal53@schowalter.net,secret
63,Garrison Dickinson,eichmann.darion@yahoo.com,secret
64,Isidro Satterfield,marisol03@lueilwitz.com,secret
65,Jaylin Larkin Sr.,gottlieb.jaron@yahoo.com,secret
66,Ellsworth Marquardt,kathryn.mann@yahoo.com,secret
67,Jalon Bauch,vlockman@von.com,secret
68,Dr. Jeffry Conn Jr.,blaise37@gmail.com,secret
69,Dr. Clay Kuhic,helena45@yahoo.com,secret
70,Michael Swift IV,joelle.corkery@doyle.com,secret
71,Mr. Lorenza Mohr,frederick72@krajcik.com,secret
72,Dr. Arnold Bruen MD,kirk30@hoeger.com,secret
73,Arturo Skiles V,wilkinson.bernard@schimmel.org,secret
74,Amira Renner Sr.,denesik.guiseppe@rau.com,secret
75,Amanda O'Hara,zwitting@goodwin.org,secret
76,Phyllis Mitchell,sbeatty@yahoo.com,secret
77,Alejandra Fadel,armand.howell@yahoo.com,secret
78,Prof. Damian Wilkinson MD,destany.brakus@runolfsson.com,secret
79,Alexandrea Simonis,alek55@shanahan.com,secret
80,Maximillia Buckridge V,swaniawski.elna@moen.net,secret
81,Mr. Javier Miller,tobin.mueller@yahoo.com,secret
82,Kianna Goodwin,maureen84@hotmail.com,secret
83,Cyril Murphy MD,luther.crona@hotmail.com,secret
84,Briana Schiller,gonzalo.rau@hotmail.com,secret
85,Rhett Howe I,ona.oreilly@yahoo.com,secret
86,Mrs. Edwina Satterfield,pvolkman@brakus.com,secret
87,Janiya Price,wyman.reese@gmail.com,secret
88,Corene Osinski,robel.alaina@stanton.org,secret
89,Blake Koch,yschinner@yahoo.com,secret
90,Mrs. Domenica Stamm IV,dsawayn@ward.com,secret
91,Dr. Velda Wyman,kshlerin.alexys@hotmail.com,secret
92,Dr. Wiley Schmeler I,cartwright.jarrett@gmail.com,secret
93,Dr. Katheryn Bayer I,mrau@medhurst.com,secret
94,Tevin Feest,bkoss@gmail.com,secret
95,Zachariah Marks,swaniawski.rowland@dare.org,secret
96,Brando Ledner Jr.,chadd.bruen@hotmail.com,secret
97,Abigail Stroman,mae60@casper.com,secret
98,Karen Mraz PhD,rita84@christiansen.com,secret
99,Mr. Osbaldo Hayes,beahan.domingo@waters.org,secret
100,Marta Satterfield,kathryn.kuvalis@jacobs.biz,secret
101,New,new@gmail.com,secret
102,Maschine,maschine@gmail.com,secret
103,Traktor,traktor@gmail.com,secret
104,Komplete,komplete@gmail.com,secret
105,Kontakt,kontakt@gmail.com,secret
106,Reaktor,reaktor@gmail.com,secret
